<?xml version="1.0" encoding="UTF-8" standalone="no"?>
<!--Custom BLE GATT-->
<gatt gatt_caching="true" generic_attribute_service="true" header="gatt_db.h" name="Custom BLE GATT" out="gatt_db.c" prefix="gattdb_">
  
  <!--DOOR_LOCK-->
  <service advertise="false" name="DOOR_LOCK" requirement="mandatory" sourceId="custom.type" type="primary" uuid="d17fe25a-e3eb-4d6f-84e6-3157fb5e4a60">
    <informativeText>Custom service</informativeText>
    
    <!--door_lock_req-->
    <characteristic id="door_lock_req" name="door_lock_req" sourceId="custom.type" uuid="2af72429-66a3-4619-9dd8-75cc7e0b6098">
      <informativeText>Custom characteristic</informativeText>
      <value length="4" type="user" variable_length="false">0x00</value>
      <properties indicate="true" indicate_requirement="optional" read="true" read_requirement="optional" write="true" write_requirement="optional"/>
    </characteristic>
    
    <!--door_lock_state_info-->
    <characteristic id="door_lock_state" name="door_lock_state_info" sourceId="custom.type" uuid="d42ce43d-65f7-47e7-a32a-97e4cf70e35b">
      <informativeText>Custom characteristic</informativeText>
      <value length="7" type="user" variable_length="false">0x00</value>
      <properties indicate="true" indicate_requirement="optional" read="true" read_requirement="optional" write="true" write_requirement="optional"/>
    </characteristic>
  </service>
  
  <!--Device Information-->
  <service advertise="false" id="device_information" name="Device Information" requirement="mandatory" sourceId="org.bluetooth.service.device_information" type="primary" uuid="180A">
    <informativeText>Abstract: The Device Information Service exposes manufacturer and/or vendor information about a device. Summary: This service exposes manufacturer information about a device. The Device Information Service is instantiated as a Primary Service. Only one instance of the Device Information Service is exposed on a device. </informativeText>
    
    <!--Manufacturer Name String-->
    <characteristic id="manufacturer_name_string" name="Manufacturer Name String" sourceId="org.bluetooth.characteristic.manufacturer_name_string" uuid="2A29">
      <description>null</description>
      <informativeText>Abstract: The value of this characteristic is a UTF-8 string representing the name of the manufacturer of the device. </informativeText>
      <value length="12" type="utf-8" variable_length="true">Silicon Labs</value>
      <properties indicate="false" indicate_requirement="excluded" notify="false" notify_requirement="excluded" read="true" read_requirement="mandatory" reliable_write="false" reliable_write_requirement="excluded" write="false" write_no_response="false" write_no_response_requirement="excluded" write_requirement="excluded"/>
    </characteristic>
    
    <!--Model Number String-->
    <characteristic id="model_number_string" name="Model Number String" sourceId="org.bluetooth.characteristic.model_number_string" uuid="2A24">
      <description>null</description>
      <informativeText>Abstract: The value of this characteristic is a UTF-8 string representing the model number of the device. </informativeText>
      <value length="8" type="utf-8" variable_length="false">DMP-001A</value>
      <properties indicate="false" indicate_requirement="excluded" notify="false" notify_requirement="excluded" read="true" read_requirement="mandatory" reliable_write="false" reliable_write_requirement="optional" write="false" write_no_response="false" write_no_response_requirement="excluded" write_requirement="excluded"/>
    </characteristic>
    
    <!--Serial Number String-->
    <characteristic id="serial_number_string" name="Serial Number String" sourceId="org.bluetooth.characteristic.serial_number_string" uuid="2A25">
      <description>null</description>
      <informativeText>Abstract: The value of this characteristic is a UTF-8 string representing the serial number of the device. </informativeText>
      <value length="3" type="utf-8" variable_length="false">001</value>
      <properties indicate="false" indicate_requirement="excluded" notify="false" notify_requirement="excluded" read="true" read_requirement="mandatory" reliable_write="false" reliable_write_requirement="excluded" write="false" write_no_response="false" write_no_response_requirement="excluded" write_requirement="excluded"/>
    </characteristic>
    
    <!--Firmware Revision String-->
    <characteristic id="firmware_revision_string" name="Firmware Revision String" sourceId="org.bluetooth.characteristic.firmware_revision_string" uuid="2A26">
      <description>null</description>
      <informativeText>Abstract: The value of this characteristic is a UTF-8 string representing the firmware version of the device. </informativeText>
      <value length="5" type="utf-8" variable_length="false">0.0.1</value>
      <properties indicate="false" indicate_requirement="excluded" notify="false" notify_requirement="excluded" read="true" read_requirement="mandatory" reliable_write="false" reliable_write_requirement="excluded" write="false" write_no_response="false" write_no_response_requirement="excluded" write_requirement="excluded"/>
    </characteristic>
  </service>
  
  <!--Generic Access-->
  <service advertise="false" id="device_information_2" name="Generic Access" requirement="mandatory" sourceId="org.bluetooth.service.generic_access" type="primary" uuid="1800">
    <informativeText>Abstract: The generic_access service contains generic information about the device. All available Characteristics are readonly. </informativeText>
    
    <!--Device Name-->
    <characteristic id="device_name" name="Device Name" sourceId="org.bluetooth.characteristic.gap.device_name" uuid="2A00">
      <description>null</description>
      <informativeText/>
      <value length="8" type="utf-8" variable_length="true">DMP Demo</value>
      <properties indicate="false" indicate_requirement="excluded" notify="false" notify_requirement="excluded" read="true" read_requirement="mandatory" reliable_write="false" reliable_write_requirement="excluded" write="false" write_no_response="false" write_no_response_requirement="excluded" write_requirement="optional"/>
    </characteristic>
    
    <!--Appearance-->
    <characteristic id="appearance" name="Appearance" sourceId="org.bluetooth.characteristic.gap.appearance" uuid="2A01">
      <description>null</description>
      <informativeText/>
      <value length="2" type="hex" variable_length="false"/>
      <properties indicate="false" indicate_requirement="excluded" notify="false" notify_requirement="excluded" read="true" read_requirement="mandatory" reliable_write="false" reliable_write_requirement="excluded" write="false" write_no_response="false" write_no_response_requirement="excluded" write_requirement="excluded"/>
    </characteristic>
  </service>
  
  <!--Silabs DMP Light-->
  <service advertise="false" name="Silabs DMP Light" requirement="mandatory" type="primary" uuid="bae55b96-7d19-458d-970c-50613d801bc9">
    <informativeText/>
    
    <!--Light-->
    <characteristic id="light_state" name="Light" sourceId="custom.type" uuid="76e137ac-b15f-49d7-9c4c-e278e6492ad9">
      <description>null</description>
      <informativeText/>
      <value length="1" type="user" variable_length="false">0x00</value>
      <properties indicate="true" indicate_requirement="optional" read="true" read_requirement="optional" write="true" write_requirement="optional"/>
    </characteristic>
    
    <!--Trigger Source-->
    <characteristic id="trigger_source" name="Trigger Source" sourceId="custom.type" uuid="2f16ee52-0bfd-4597-85d4-a5141fdbae15">
      <description>null</description>
      <informativeText/>
      <value length="1" type="user" variable_length="false">0x00</value>
      <properties indicate="true" indicate_requirement="optional" read="true" read_requirement="optional" write="true" write_requirement="optional"/>
    </characteristic>
    
    <!--Source Address-->
    <characteristic id="source_address" name="Source Address" sourceId="custom.type" uuid="82a1cb54-3921-4c9c-ba34-34f78bab9a1b">
      <description>null</description>
      <informativeText/>
      <value length="8" type="user" variable_length="false">0x00</value>
      <properties indicate="true" indicate_requirement="optional" read="true" read_requirement="optional"/>
    </characteristic>
  </service>
  
  <!--Silicon Labs OTA-->
  <service advertise="false" id="ota" name="Silicon Labs OTA" requirement="mandatory" sourceId="com.silabs.service.ota" type="primary" uuid="1D14D6EE-FD63-4FA1-BFA4-8F47B42119F0">
    <informativeText>Abstract:  The Silicon Labs OTA Service enables over-the-air firmware update of the device.  </informativeText>
    
    <!--Silicon Labs OTA Control-->
    <characteristic id="ota_control" name="Silicon Labs OTA Control" sourceId="com.silabs.characteristic.ota_control" uuid="F7BF3564-FB6D-4E53-88A4-5E37E0326063">
      <informativeText>Abstract:  Silicon Labs OTA Control.  </informativeText>
      <value length="1" type="user" variable_length="false"/>
      <properties indicate="false" indicate_requirement="excluded" notify="false" notify_requirement="excluded" read="false" read_requirement="excluded" reliable_write="false" reliable_write_requirement="excluded" write="true" write_no_response="false" write_no_response_requirement="excluded" write_requirement="mandatory"/>
    </characteristic>
    
    <!--Silicon Labs OTA Data-->
    <characteristic id="ota_data" name="Silicon Labs OTA Data" sourceId="com.silabs.characteristic.ota_data" uuid="984227F3-34FC-4045-A5D0-2C581F81A153">
      <informativeText>Abstract:  Silicon Labs OTA Data.  </informativeText>
      <value length="20" type="user" variable_length="false"/>
      <properties indicate="false" indicate_requirement="excluded" notify="false" notify_requirement="excluded" read="false" read_requirement="excluded" reliable_write="false" reliable_write_requirement="excluded" write="true" write_no_response="false" write_no_response_requirement="optional" write_requirement="optional"/>
    </characteristic>
  </service>
</gatt>
